"guide","gap_lo","gap_hi","n_assigned","n_lower","n_count2","n_signal","frac_lower","frac_count2"
"10_AARS2_P1P2_ENSG00000124608",8,31,321,29,12,292,0.0903426791277259,0.0373831775700935
"39_ABHD11_P1P2_ENSG00000106077",6,21,190,24,15,166,0.126315789473684,0.0789473684210526
"81_ACD_P1P2_ENSG00000102977",3,16,119,4,3,115,0.0336134453781513,0.0252100840336134
"106_ACTL6A_P1P2_ENSG00000136518",3,104,28,3,2,25,0.107142857142857,0.0714285714285714
"139_ADAT2_P1P2_ENSG00000189007",8,34,246,31,17,215,0.126016260162602,0.0691056910569106
"158_ADNP2_P1P2_ENSG00000101544",6,19,187,21,14,166,0.112299465240642,0.0748663101604278
"182_AGBL5_P1_ENSG00000084693",2,7,150,18,18,132,0.12,0.12
"263_ALG11_P1P2_ENSG00000253710",4,18,126,25,18,101,0.198412698412698,0.142857142857143
"308_ANAPC4_P1P2_ENSG00000053900",5,17,65,11,9,54,0.169230769230769,0.138461538461538
"309_ANAPC5_P1P2_ENSG00000089053",22,74,173,60,17,113,0.346820809248555,0.0982658959537572
"350_ANLN_P1P2_ENSG00000011426",5,26,67,39,32,28,0.582089552238806,0.477611940298507
"378_AP2S1_P1P2_ENSG00000042753",9,30,230,46,16,184,0.2,0.0695652173913043
"534_ARPC1B_P1P2_ENSG00000130429",3,9,171,24,21,147,0.140350877192982,0.12280701754386
"592_INTS13_P1P2_ENSG00000064102",3,10,249,20,12,229,0.0803212851405622,0.0481927710843374
"681_ATP6V1C1_P1P2_ENSG00000155097",6,18,166,6,4,160,0.036144578313253,0.0240963855421687
"682_ATP6V1D_P1P2_ENSG00000100554",7,25,275,21,9,254,0.0763636363636364,0.0327272727272727
"697_ATRIP_P1P2_ENSG00000164053",10,45,304,45,9,259,0.148026315789474,0.0296052631578947
"700_ATXN10_P1P2_ENSG00000130638",7,25,214,33,29,181,0.154205607476636,0.135514018691589
"715_AURKB_P1P2_ENSG00000178999",5,23,55,21,17,34,0.381818181818182,0.309090909090909
"751_BAG6_P1P2_ENSG00000204463",12,42,303,56,23,247,0.184818481848185,0.0759075907590759
"825_BGLAP_P1P2_ENSG00000242252",5,22,114,10,7,104,0.087719298245614,0.0614035087719298
"888_BRD2_P1_ENSG00000204256",8,25,224,26,11,198,0.116071428571429,0.0491071428571429
"893_BRD8_P1P2_ENSG00000112983",5,20,258,126,96,132,0.488372093023256,0.372093023255814
"968_C12orf60_P1P2_ENSG00000182993",10,40,244,74,20,170,0.30327868852459,0.0819672131147541
"1011_C18orf21_P1P2_ENSG00000141428",3,22,78,28,22,50,0.358974358974359,0.282051282051282
"1032_C1QBP_P1P2_ENSG00000108561",11,33,248,44,20,204,0.17741935483871,0.0806451612903226
"1083_NEPRO_P1P2_ENSG00000163608",6,65,83,40,25,43,0.481927710843373,0.301204819277108
"1129_SPOUT1_P1P2_ENSG00000198917",11,104,226,163,111,63,0.721238938053097,0.491150442477876
"1175_CAP1_P1P2_ENSG00000131236",12,81,147,28,18,119,0.19047619047619,0.122448979591837
"1192_CARF_P1P2_ENSG00000138380",2,6,170,26,26,144,0.152941176470588,0.152941176470588
"1290_CCDC6_P1P2_ENSG00000108091",4,14,382,15,7,367,0.0392670157068063,0.0183246073298429
"1315_CCNA2_P1P2_ENSG00000145386",11,38,137,31,23,106,0.226277372262774,0.167883211678832
"1334_CCNL1_P1P2_ENSG00000163660",23,90,258,42,16,216,0.162790697674419,0.062015503875969
"1346_CCT2_P1P2_ENSG00000166226",8,27,317,55,18,262,0.173501577287066,0.056782334384858
"1361_CD2BP2_P1P2_ENSG00000169217",36,110,302,38,15,264,0.125827814569536,0.0496688741721854
"1399_CDC40_P1P2_ENSG00000168438",5,65,66,14,8,52,0.212121212121212,0.121212121212121
"1441_CDK7_P1P2_ENSG00000134058",5,21,68,14,10,54,0.205882352941176,0.147058823529412
"1474_CENPA_P1_ENSG00000115163",5,16,173,12,8,161,0.069364161849711,0.046242774566474
"1533_CFDP1_P2_ENSG00000153774",27,95,180,33,16,147,0.183333333333333,0.0888888888888889
"1550_CHCHD3_P1P2_ENSG00000106554",10,54,222,43,17,179,0.193693693693694,0.0765765765765766
"1583_CHMP3_P1P2_ENSG00000115561",28,85,189,71,42,118,0.375661375661376,0.222222222222222
"1586_CHMP4B_P1P2_ENSG00000101421",9,59,97,62,47,35,0.639175257731959,0.484536082474227
"1605_CHTF8_P1P2_ENSG00000168802",15,57,134,27,23,107,0.201492537313433,0.171641791044776
"1614_CINP_P1P2_ENSG00000100865",10,33,321,161,87,160,0.501557632398754,0.271028037383178
"1629_CKAP5_P2_ENSG00000175216",5,15,242,13,8,229,0.0537190082644628,0.0330578512396694
"1669_CLOCK_P1P2_ENSG00000134852",11,37,222,60,44,162,0.27027027027027,0.198198198198198
"1742_COG3_P1P2_ENSG00000136152",8,30,122,34,23,88,0.278688524590164,0.188524590163934
"1773_COPE_P1P2_ENSG00000105669",5,20,215,48,42,167,0.223255813953488,0.195348837209302
"1774_COPG1_P1_ENSG00000181789",5,21,16,4,1,12,0.25,0.0625
"1810_COX17_P1P2_ENSG00000138495",4,19,256,22,18,234,0.0859375,0.0703125
"1828_CPEB1_ENST00000568128.1_ENSG00000214575",3,22,168,20,17,148,0.119047619047619,0.101190476190476
"1836_CPOX_P1P2_ENSG00000080819",4,17,140,19,18,121,0.135714285714286,0.128571428571429
"1840_CPSF2_P1P2_ENSG00000165934",2,8,83,6,6,77,0.072289156626506,0.072289156626506
"1898_CSNK1A1_P1P2_ENSG00000113712",7,22,125,32,23,93,0.256,0.184
"1941_CTPS1_P1P2_ENSG00000171793",14,58,139,21,12,118,0.151079136690647,0.0863309352517986
"1961_CUL2_P1P2_ENSG00000108094",10,36,162,38,23,124,0.234567901234568,0.141975308641975
"2001_CYFIP1_P1P2_ENSG00000273749",6,18,166,23,14,143,0.13855421686747,0.0843373493975904
"2030_DARS_P1P2_ENSG00000115866",8,31,172,33,21,139,0.191860465116279,0.122093023255814
"2111_DDX21_P1P2_ENSG00000165732",10,68,218,64,42,154,0.293577981651376,0.192660550458716
"2125_DDX49_P1P2_ENSG00000105671",5,15,56,10,8,46,0.178571428571429,0.142857142857143
"2187_DHFR_P1P2_ENSG00000228716",23,85,200,33,16,167,0.165,0.08
"2212_DHX36_P1P2_ENSG00000174953",29,107,329,101,13,228,0.306990881458967,0.0395136778115502
"2225_UTP25_P1P2_ENSG00000117597",4,13,83,7,6,76,0.0843373493975904,0.072289156626506
"2233_DIS3_P1P2_ENSG00000083520",4,15,82,12,10,70,0.146341463414634,0.121951219512195
"2235_DKC1_P1P2_ENSG00000130826",9,29,103,10,6,93,0.0970873786407767,0.058252427184466
"2346_DPH1_P1_ENSG00000108963",4,14,344,13,9,331,0.0377906976744186,0.0261627906976744
"2376_DROSHA_P1P2_ENSG00000113360",7,33,122,9,3,113,0.0737704918032787,0.0245901639344262
"2550_EIF3F_P1P2_ENSG00000175390",18,74,120,47,28,73,0.391666666666667,0.233333333333333
"2551_EIF3G_P1P2_ENSG00000130811",2,10,68,2,2,66,0.0294117647058824,0.0294117647058824
"2552_EIF3H_P1P2_ENSG00000147677",4,13,117,8,5,109,0.0683760683760684,0.0427350427350427
"2579_EIF5_P2_ENSG00000100664",6,31,125,18,13,107,0.144,0.104
"2578_EIF5_P1_ENSG00000100664",5,56,136,25,18,111,0.183823529411765,0.132352941176471
"2606_ELP4_P1P2_ENSG00000109911",13,43,242,102,61,140,0.421487603305785,0.252066115702479
"2608_ELP6_P1P2_ENSG00000163832",6,20,259,21,11,238,0.0810810810810811,0.0424710424710425
"2613_EMC3_P2_ENSG00000125037",9,29,170,24,15,146,0.141176470588235,0.0882352941176471
"2640_ENO1_P1P2_ENSG00000074800",17,63,439,112,7,327,0.255125284738041,0.0159453302961276
"2724_ERVW-1_ENST00000603053.1_ENSG00000242950",5,22,242,31,19,211,0.128099173553719,0.0785123966942149
"2723_ERVW-1_ENST00000493463.2_ENSG00000242950",37,160,171,46,3,125,0.269005847953216,0.0175438596491228
"2748_ESYT2_P1P2_ENSG00000117868",28,98,198,66,41,132,0.333333333333333,0.207070707070707
"2781_EXOC4_P1P2_ENSG00000131558",4,12,131,14,12,117,0.106870229007634,0.0916030534351145
"2828_RAMAC_P1P2_ENSG00000169612",7,70,245,23,13,222,0.0938775510204082,0.0530612244897959
"2974_FARSB_P1P2_ENSG00000116120",4,13,84,4,3,80,0.0476190476190476,0.0357142857142857
"2988_FBL_P1P2_ENSG00000105202",4,20,60,21,17,39,0.35,0.283333333333333
"3027_FBXO5_P1P2_ENSG00000112029",2,9,95,9,9,86,0.0947368421052632,0.0947368421052632
"3050_FDPS_P1P2_ENSG00000160752",18,60,198,29,13,169,0.146464646464646,0.0656565656565657
"3086_FIP1L1_P1P2_ENSG00000145216",13,41,79,17,12,62,0.215189873417722,0.151898734177215
"3339_GEMIN8_P1P2_ENSG00000046647",2,11,132,5,5,127,0.0378787878787879,0.0378787878787879
"3436_RACK1_P1P2_ENSG00000204628",4,18,106,49,37,57,0.462264150943396,0.349056603773585
"3448_GNPAT_P1P2_ENSG00000116906",5,69,58,13,6,45,0.224137931034483,0.103448275862069
"3479_GOSR2_P1P2_ENSG00000108433",3,12,195,13,10,182,0.0666666666666667,0.0512820512820513
"3503_GPN2_P1P2_ENSG00000142751",3,9,185,27,24,158,0.145945945945946,0.12972972972973
"3511_GPR61_P1P2_ENSG00000156097",3,14,218,27,11,191,0.123853211009174,0.0504587155963303
"3583_GTF3A_P1P2_ENSG00000122034",3,10,166,17,13,149,0.102409638554217,0.0783132530120482
"3584_GTF3C1_P1P2_ENSG00000077235",38,130,291,28,11,263,0.0962199312714777,0.0378006872852234
"3585_GTF3C2_P1P2_ENSG00000115207",11,33,242,15,6,227,0.0619834710743802,0.0247933884297521
"3631_HARS2_P1P2_ENSG00000112855",15,47,165,16,10,149,0.096969696969697,0.0606060606060606
"3634_HAUS1_P1P2_ENSG00000152240",16,121,156,56,20,100,0.358974358974359,0.128205128205128
"3731_HINFP_P1P2_ENSG00000172273",6,31,45,3,1,42,0.0666666666666667,0.0222222222222222
"3751_HIST1H2AE_P1P2_ENSG00000277075",16,48,413,132,37,281,0.319612590799031,0.089588377723971
"3768_HIST1H2BL_P1P2_ENSG00000185130",15,46,485,150,18,335,0.309278350515464,0.0371134020618557
"3787_HIST2H2AC_P1P2_ENSG00000184260",20,85,213,79,24,134,0.370892018779343,0.112676056338028
"3818_HMBOX1_P1P2_ENSG00000147421",10,38,206,34,17,172,0.16504854368932,0.0825242718446602
"3832_HMGCR_P1P2_ENSG00000113161",7,24,190,32,23,158,0.168421052631579,0.121052631578947
"3990_HTATSF1_P1P2_ENSG00000102241",6,24,171,16,11,155,0.0935672514619883,0.064327485380117
"4000_HYOU1_P1P2_ENSG00000149428",6,25,225,15,10,210,0.0666666666666667,0.0444444444444444
"4004_IARS_P1P2_ENSG00000196305",7,36,151,12,7,139,0.0794701986754967,0.0463576158940397
"4107_IMP3_P1P2_ENSG00000177971",6,23,35,12,10,23,0.342857142857143,0.285714285714286
"4116_INCENP_P1P2_ENSG00000149503",2,6,54,12,12,42,0.222222222222222,0.222222222222222
"4154_INTS9_P1P2_ENSG00000104299",6,23,121,14,9,107,0.115702479338843,0.0743801652892562
"4280_KAT8_P2_ENSG00000103510",6,24,257,86,63,171,0.334630350194553,0.245136186770428
"4291_KCMF1_P1P2_ENSG00000176407",11,38,210,32,16,178,0.152380952380952,0.0761904761904762
"4384_KIF20A_P1P2_ENSG00000112984",16,191,131,75,23,56,0.572519083969466,0.175572519083969
"4474_KRT10_P1_ENSG00000186395",21,66,333,81,7,252,0.243243243243243,0.021021021021021
"4553_LEO1_P1P2_ENSG00000166477",3,11,92,8,7,84,0.0869565217391304,0.0760869565217391
"4628_LPA_P1P2_ENSG00000198670",14,61,179,18,14,161,0.100558659217877,0.0782122905027933
"4686_LSM11_P1P2_ENSG00000155858",4,18,135,51,41,84,0.377777777777778,0.303703703703704
"4692_LSM3_P1P2_ENSG00000170860",12,44,273,58,14,215,0.212454212454212,0.0512820512820513
"4694_LSM5_P2_ENSG00000106355",13,51,276,54,20,222,0.195652173913043,0.072463768115942
"4716_LUC7L3_P1P2_ENSG00000108848",10,32,237,146,73,91,0.616033755274262,0.308016877637131
"4910_MCRS1_P1P2_ENSG00000187778",2,8,83,4,4,79,0.0481927710843374,0.0481927710843374
"4930_MED10_P1P2_ENSG00000133398",4,12,128,12,9,116,0.09375,0.0703125
"4945_MED22_P1P2_ENSG00000148297",13,79,141,28,16,113,0.198581560283688,0.113475177304965
"4950_MED27_P1P2_ENSG00000160563",3,10,78,3,1,75,0.0384615384615385,0.0128205128205128
"4997_METTL1_P1P2_ENSG00000037897",6,26,290,18,4,272,0.0620689655172414,0.0137931034482759
"5000_METTL23_P1P2_ENSG00000181038",6,24,293,14,10,279,0.0477815699658703,0.0341296928327645
"5079_MIOS_P1P2_ENSG00000164654",15,49,409,35,18,374,0.0855745721271394,0.0440097799511002
"5082_MIS12_P1P2_ENSG00000167842",5,16,131,14,10,117,0.106870229007634,0.0763358778625954
"5196_MRPL13_P1P2_ENSG00000172172",29,126,285,224,106,61,0.785964912280702,0.371929824561403
"5201_MRPL18_P1P2_ENSG00000112110",6,29,337,30,9,307,0.0890207715133531,0.0267062314540059
"5205_MRPL21_P1P2_ENSG00000197345",3,14,113,8,7,105,0.0707964601769911,0.0619469026548673
"5248_MRPS18A_P1P2_ENSG00000096080",33,109,272,43,4,229,0.158088235294118,0.0147058823529412
"5272_MRTO4_P1P2_ENSG00000053372",15,52,96,16,9,80,0.166666666666667,0.09375
"5368_MYB_P1P2_ENSG00000118513",15,56,248,54,2,194,0.217741935483871,0.00806451612903226
"5470_NAT10_P1P2_ENSG00000135372",16,77,52,15,9,37,0.288461538461538,0.173076923076923
"5476_NBAS_P1P2_ENSG00000151779",2,9,200,16,16,184,0.08,0.08
"5541_NDUFA8_P1P2_ENSG00000119421",19,63,274,72,41,202,0.262773722627737,0.14963503649635
"5548_NDUFAF5_P1P2_ENSG00000101247",3,10,80,7,6,73,0.0875,0.075
"5570_NDUFS5_P2_ENSG00000168653",4,17,180,15,9,165,0.0833333333333333,0.05
"5600_NELFCD_P1P2_ENSG00000101158",5,17,295,23,13,272,0.0779661016949153,0.0440677966101695
"5729_NOC2L_P1P2_ENSG00000188976",13,45,85,18,11,67,0.211764705882353,0.129411764705882
"5748_NOP2_P1P2_ENSG00000111641",3,9,47,1,0,46,0.0212765957446809,0
"5762_NPAT_P1P2_ENSG00000149308",3,62,40,5,2,35,0.125,0.05
"5771_NPM3_P1P2_ENSG00000107833",12,43,259,51,32,208,0.196911196911197,0.123552123552124
"5852_NUBP1_P1P2_ENSG00000103274",4,12,173,40,31,133,0.23121387283237,0.179190751445087
"5861_NUDC_P1P2_ENSG00000090273",22,71,349,117,25,232,0.335243553008596,0.0716332378223496
"5869_NUDT21_P1P2_ENSG00000167005",6,34,77,10,8,67,0.12987012987013,0.103896103896104
"5888_NUP155_P1P2_ENSG00000113569",2,7,63,6,6,57,0.0952380952380952,0.0952380952380952
"5900_NUP62_P1P2_ENSG00000213024",21,66,256,32,13,224,0.125,0.05078125
"5903_NUP93_P1P2_ENSG00000102900",2,59,34,7,7,27,0.205882352941176,0.205882352941176
"5954_OR4F4_ENST00000326183.3_ENSG00000177693",11,84,153,15,7,138,0.0980392156862745,0.0457516339869281
"5960_OR7A17_ENST00000327462.2_ENSG00000185385",5,23,273,17,9,256,0.0622710622710623,0.032967032967033
"5985_OSGEP_P1P2_ENSG00000092094",35,110,279,62,21,217,0.222222222222222,0.0752688172043011
"6006_OXA1L_P1P2_ENSG00000155463",11,33,234,63,36,171,0.269230769230769,0.153846153846154
"6026_PABPN1_P1P2_ENSG00000100836",2,15,124,7,7,117,0.0564516129032258,0.0564516129032258
"6043_PAK1IP1_P1P2_ENSG00000111845",40,202,127,63,35,64,0.496062992125984,0.275590551181102
"6193_PDPK1_P1P2_ENSG00000140992",3,11,186,13,12,173,0.0698924731182796,0.0645161290322581
"6210_PEF1_P1P2_ENSG00000162517",12,45,251,50,30,201,0.199203187250996,0.119521912350598
"6214_PELO_P1_ENSG00000152684",3,9,184,34,29,150,0.184782608695652,0.157608695652174
"6249_PFN1_P1P2_ENSG00000108518",5,30,382,47,24,335,0.12303664921466,0.06282722513089
"6335_PIGH_P1P2_ENSG00000100564",3,11,176,11,9,165,0.0625,0.0511363636363636
"6534_POLR1B_P1P2_ENSG00000125630",4,15,75,5,4,70,0.0666666666666667,0.0533333333333333
"6537_POLR1D_P1_ENSG00000186184",5,33,87,14,9,73,0.160919540229885,0.103448275862069
"6553_POLR2L_P1P2_ENSG00000177700",6,18,116,16,12,100,0.137931034482759,0.103448275862069
"6555_POLR3A_P1P2_ENSG00000148606",3,17,39,2,1,37,0.0512820512820513,0.0256410256410256
"6605_PPAN_P1P2_ENSG00000130810",22,78,274,157,64,117,0.572992700729927,0.233576642335766
"6661_PPP1R15B_P1P2_ENSG00000158615",11,44,192,14,10,178,0.0729166666666667,0.0520833333333333
"6696_PPP4C_P1P2_ENSG00000149923",26,116,178,12,4,166,0.0674157303370786,0.0224719101123595
"6704_PPRC1_P1P2_ENSG00000148840",5,16,177,16,10,161,0.0903954802259887,0.0564971751412429
"6731_PRDM8_P2_ENSG00000152784",3,16,137,12,11,125,0.0875912408759124,0.0802919708029197
"6774_PRMT1_P1P2_ENSG00000126457",9,30,178,27,20,151,0.151685393258427,0.112359550561798
"6795_PRPF38B_P1P2_ENSG00000134186",7,43,98,23,17,75,0.23469387755102,0.173469387755102
"6855_PSMB6_P1_ENSG00000142507",4,14,180,20,14,160,0.111111111111111,0.0777777777777778
"6870_PSMD2_P1P2_ENSG00000175166",9,36,142,15,9,127,0.105633802816901,0.0633802816901408
"6871_PSMD3_P1P2_ENSG00000108344",4,12,75,5,1,70,0.0666666666666667,0.0133333333333333
"6902_PTCD3_P1P2_ENSG00000132300",7,24,103,18,14,85,0.174757281553398,0.135922330097087
"7058_RACGAP1_P1P2_ENSG00000161800",8,358,24,10,4,14,0.416666666666667,0.166666666666667
"7077_RAE1_P1P2_ENSG00000101146",8,52,170,64,37,106,0.376470588235294,0.217647058823529
"7161_RBM17_P1P2_ENSG00000134453",34,103,201,32,6,169,0.159203980099502,0.0298507462686567
"7251_RFFL_P1P2_ENSG00000092871",3,13,85,7,6,78,0.0823529411764706,0.0705882352941176
"7271_RGP1_P1P2_ENSG00000107185",7,25,224,29,10,195,0.129464285714286,0.0446428571428571
"7362_RNF168_P1P2_ENSG00000163961",6,18,167,24,18,143,0.143712574850299,0.107784431137725
"7411_ROMO1_P1P2_ENSG00000125995",3,14,94,7,6,87,0.074468085106383,0.0638297872340425
"7421_RPAIN_P1P2_ENSG00000129197",5,15,183,15,10,168,0.0819672131147541,0.0546448087431694
"7424_RPAP3_P1P2_ENSG00000005175",12,36,212,32,21,180,0.150943396226415,0.0990566037735849
"7452_RPL26L1_P1P2_ENSG00000037241",2,6,221,4,4,217,0.0180995475113122,0.0180995475113122
"7469_RPL38_P1P2_ENSG00000172809",6,27,143,21,13,122,0.146853146853147,0.0909090909090909
"7492_RPP38_P1P2_ENSG00000152464",2,6,76,14,14,62,0.184210526315789,0.184210526315789
"7495_RPRD1B_P1P2_ENSG00000101413",18,70,304,62,23,242,0.203947368421053,0.0756578947368421
"7498_RPS10_P1P2_ENSG00000124614",5,17,91,23,18,68,0.252747252747253,0.197802197802198
"7505_RPS16_P1P2_ENSG00000105193",6,200,111,69,48,42,0.621621621621622,0.432432432432432
"7511_RPS21_P1P2_ENSG00000171858",7,28,154,37,28,117,0.24025974025974,0.181818181818182
"7526_RPS4X_P1P2_ENSG00000198034",13,43,123,19,14,104,0.154471544715447,0.113821138211382
"7540_RPSA_P1P2_ENSG00000168028",9,27,192,37,16,155,0.192708333333333,0.0833333333333333
"7541_RPTOR_P1P2_ENSG00000141564",3,9,127,13,11,114,0.102362204724409,0.0866141732283465
"7583_RTCB_P1P2_ENSG00000100220",5,15,162,7,3,155,0.0432098765432099,0.0185185185185185
"7643_SAMD4B_P1P2_ENSG00000179134",5,18,259,24,10,235,0.0926640926640927,0.0386100386100386
"7649_SAP30BP_P1P2_ENSG00000161526",4,12,191,23,16,168,0.120418848167539,0.0837696335078534
"7657_SARS_P1P2_ENSG00000031698",2,22,42,1,1,41,0.0238095238095238,0.0238095238095238
"7729_SDR39U1_P1P2_ENSG00000100445",9,31,116,16,8,100,0.137931034482759,0.0689655172413793
"7734_SEC13_P1P2_ENSG00000157020",8,50,28,4,2,24,0.142857142857143,0.0714285714285714
"7754_SEC62_P1P2_ENSG00000008952",13,55,187,83,51,104,0.443850267379679,0.272727272727273
"7795_SERF2_P1_ENSG00000140264",14,57,188,38,17,150,0.202127659574468,0.0904255319148936
"7829_SF1_P1P2_ENSG00000168066",6,30,184,23,17,161,0.125,0.0923913043478261
"7830_SF3A1_P1_ENSG00000099995",16,62,29,14,2,15,0.482758620689655,0.0689655172413793
"7843_SFSWAP_P1P2_ENSG00000061936",9,33,253,45,9,208,0.177865612648221,0.0355731225296443
"7996_SLC25A26_ENST00000354883.6_ENSG00000144741",34,106,225,70,28,155,0.311111111111111,0.124444444444444
"8154_SMARCE1_P1P2_ENSG00000073584",21,66,302,130,14,172,0.43046357615894,0.0463576158940397
"8157_SMC3_P1P2_ENSG00000108055",27,84,125,26,17,99,0.208,0.136
"8169_SMG8_P1P2_ENSG00000167447",11,42,327,50,7,277,0.152905198776758,0.0214067278287462
"8224_SNRPA_P1P2_ENSG00000077312",10,50,190,23,13,167,0.121052631578947,0.068421052631579
"8317_SPAG7_P1P2_ENSG00000091640",16,108,138,29,13,109,0.210144927536232,0.0942028985507246
"8338_SPDL1_P1P2_ENSG00000040275",16,82,105,26,13,79,0.247619047619048,0.123809523809524
"8341_SPDYE2_ENST00000341656.4_ENSG00000205238",22,96,160,61,22,99,0.38125,0.1375
"8414_SRP19_P1P2_ENSG00000153037",3,9,169,16,15,153,0.0946745562130177,0.0887573964497041
"8426_SRRT_P1P2_ENSG00000087087",2,6,346,9,9,337,0.0260115606936416,0.0260115606936416
"8458_SSRP1_P1P2_ENSG00000149136",5,21,95,13,9,82,0.136842105263158,0.0947368421052632
"8576_SUGP1_P1P2_ENSG00000105705",6,18,182,36,25,146,0.197802197802198,0.137362637362637
"8653_TAF12_P1P2_ENSG00000120656",2,6,182,3,3,179,0.0164835164835165,0.0164835164835165
"8656_TAF1A_P1P2_ENSG00000143498",5,15,57,26,19,31,0.456140350877193,0.333333333333333
"8657_TAF1B_P1P2_ENSG00000115750",2,13,83,14,14,69,0.168674698795181,0.168674698795181
"8661_TAF1_P1P2_ENSG00000147133",3,19,78,7,5,71,0.0897435897435897,0.0641025641025641
"8725_TBCB_P1P2_ENSG00000105254",5,20,230,64,29,166,0.278260869565217,0.126086956521739
"8793_TCP1_P1P2_ENSG00000120438",2,38,34,3,3,31,0.0882352941176471,0.0882352941176471
"8855_TFPT_P1P2_ENSG00000105619",13,53,107,33,19,74,0.308411214953271,0.177570093457944
"8894_THRAP3_P1P2_ENSG00000054118",18,56,495,196,54,299,0.395959595959596,0.109090909090909
"8920_TIMM22_P1P2_ENSG00000177370",3,13,148,18,17,130,0.121621621621622,0.114864864864865
"8974_TMED2_P1P2_ENSG00000086598",3,11,257,13,12,244,0.0505836575875486,0.046692607003891
"9159_TOE1_P1P2_ENSG00000132773",19,81,220,17,7,203,0.0772727272727273,0.0318181818181818
"9175_TOP2A_P1P2_ENSG00000131747",37,360,309,283,154,26,0.915857605177994,0.498381877022654
"9248_TRAPPC3_P1P2_ENSG00000054116",18,90,291,31,16,260,0.106529209621993,0.0549828178694158
"9253_TRAPPC8_P1P2_ENSG00000153339",3,12,172,8,7,164,0.0465116279069767,0.0406976744186047
"9315_TRMT6_P1P2_ENSG00000089195",15,65,333,71,21,262,0.213213213213213,0.0630630630630631
"9324_TRPM7_P1P2_ENSG00000092439",6,22,161,29,24,132,0.180124223602484,0.149068322981366
"9399_TTI2_P1P2_ENSG00000129696",3,15,80,4,2,76,0.05,0.025
"9409_TUBA1C_P1P2_ENSG00000167553",6,23,279,43,18,236,0.154121863799283,0.0645161290322581
"9410_TUBA3D_ENST00000321253.6_ENSG00000075886",12,36,204,15,4,189,0.0735294117647059,0.0196078431372549
"9457_TXNL4A_P1P2_ENSG00000141759",7,21,159,30,19,129,0.188679245283019,0.119496855345912
"9498_UBE2D3_P1P2_ENSG00000109332",4,19,189,26,14,163,0.137566137566138,0.0740740740740741
"9571_UFM1_P1P2_ENSG00000120686",11,37,263,55,3,208,0.209125475285171,0.0114068441064639
"9606_UQCC2_P1P2_ENSG00000137288",5,48,96,16,9,80,0.166666666666667,0.09375
"9616_UQCRQ_P1P2_ENSG00000164405",5,15,294,27,9,267,0.0918367346938776,0.0306122448979592
"9617_URB1_P1P2_ENSG00000142207",3,9,168,19,16,149,0.113095238095238,0.0952380952380952
"9652_USP36_P1P2_ENSG00000055483",3,13,169,38,33,131,0.224852071005917,0.195266272189349
"9676_USP8_P1P2_ENSG00000138592",19,76,246,133,60,113,0.540650406504065,0.24390243902439
"9679_UTP11_P1P2_ENSG00000183520",4,13,91,25,17,66,0.274725274725275,0.186813186813187
"9687_UTP6_P1P2_ENSG00000108651",35,121,254,162,77,92,0.637795275590551,0.303149606299213
"9734_VMP1_P1P2_ENSG00000062716",5,15,236,11,7,225,0.0466101694915254,0.0296610169491525
"9762_VPS51_P1P2_ENSG00000149823",12,48,192,37,19,155,0.192708333333333,0.0989583333333333
"9811_WDR25_P1P2_ENSG00000176473",6,79,156,19,13,137,0.121794871794872,0.0833333333333333
"9818_WDR3_P1P2_ENSG00000065183",8,32,138,36,22,102,0.260869565217391,0.159420289855072
"9829_WDR55_P1P2_ENSG00000120314",2,11,75,10,10,65,0.133333333333333,0.133333333333333
"9833_WDR61_P1P2_ENSG00000140395",11,33,183,28,14,155,0.153005464480874,0.0765027322404372
"9853_WDR92_P1P2_ENSG00000243667",13,46,143,48,23,95,0.335664335664336,0.160839160839161
"9905_XRCC3_P1P2_ENSG00000126215",7,22,197,52,36,145,0.263959390862944,0.182741116751269
"9907_XRCC5_P1P2_ENSG00000079246",3,9,177,14,10,163,0.0790960451977401,0.0564971751412429
"9910_XRN1_P1P2_ENSG00000114127",5,21,173,13,6,160,0.0751445086705202,0.0346820809248555
"9971_ZBTB14_P1P2_ENSG00000198081",3,9,146,9,8,137,0.0616438356164384,0.0547945205479452
"10029_ZC3H8_P1P2_ENSG00000144161",3,14,33,5,4,28,0.151515151515152,0.121212121212121
"10280_ZNF317_P1P2_ENSG00000130803",26,85,324,50,20,274,0.154320987654321,0.0617283950617284
"10336_ZNF407_ENST00000299687.5_ENSG00000215421",21,92,254,26,14,228,0.102362204724409,0.0551181102362205
"10447_ZNF559_P1P2_ENSG00000188321",3,9,291,8,5,283,0.0274914089347079,0.0171821305841924
"10463_ZNF574_P1_ENSG00000105732",7,24,124,28,18,96,0.225806451612903,0.145161290322581
"10544_ZNF676_ENST00000397121.2_ENSG00000196109",5,15,149,28,15,121,0.187919463087248,0.100671140939597
"10755_non-targeting_non-targeting_non-targeting",10,30,191,33,16,158,0.172774869109948,0.0837696335078534
"11163_non-targeting_non-targeting_non-targeting",7,50,227,32,18,195,0.140969162995595,0.079295154185022
"10759_non-targeting_non-targeting_non-targeting",2,13,191,5,5,186,0.0261780104712042,0.0261780104712042
"10767_non-targeting_non-targeting_non-targeting",4,18,283,13,4,270,0.0459363957597173,0.0141342756183746
"10779_non-targeting_non-targeting_non-targeting",19,61,238,48,21,190,0.201680672268908,0.0882352941176471
"11327_non-targeting_non-targeting_non-targeting",21,76,363,42,12,321,0.115702479338843,0.0330578512396694
"10873_non-targeting_non-targeting_non-targeting",6,20,153,21,18,132,0.137254901960784,0.117647058823529
"10923_non-targeting_non-targeting_non-targeting",8,24,250,16,8,234,0.064,0.032
"10939_non-targeting_non-targeting_non-targeting",15,45,212,21,12,191,0.0990566037735849,0.0566037735849057
"11294_non-targeting_non-targeting_non-targeting",4,12,157,10,6,147,0.0636942675159236,0.0382165605095541
"11068_non-targeting_non-targeting_non-targeting",9,27,157,45,20,112,0.286624203821656,0.127388535031847
"11221_non-targeting_non-targeting_non-targeting",4,17,386,15,7,371,0.038860103626943,0.0181347150259067
