"source","chemistry","purity","label","n_cells","moi_med","depth_ratio_med","depth_cor","comp_gini","mode_gap_med","ambient_fano","ambient_vmr_nz","ambient_max"
"real barnyard","CROP-seq",0.9,"mix0hr_Cropseq pur90",6225,5,10,0.440956455551907,0.291309442102167,2.56494935746154,NA,0.0366102202979429,5
"real barnyard","CROP-seq",0.99,"mix0hr_Cropseq pur99",6023,5,10.1428571428571,0.443274528231302,0.292101980924431,2.56494935746154,NA,0.0274056330994938,3
"real barnyard","CROP-seq",0.9,"mix72hr_Cropseq pur90",7386,5,10.5,0.438313613412507,0.18257801044958,2.484906649788,2.37731423192761,0.0507857085155559,11
"real barnyard","CROP-seq",0.99,"mix72hr_Cropseq pur99",7188,5,10.5941176470588,0.441622346758101,0.183158877109153,2.484906649788,NA,0.0244704866670724,5
"real barnyard","direct-capture",0.9,"mix0hr_DirectCapture pur90",6036,3,397.4375,0.674714925452643,0.571346770548226,5.49306144334055,32.4279377064327,51.545756382276,484
"real barnyard","direct-capture",0.99,"mix0hr_DirectCapture pur99",5516,3,411.125,0.68704430993007,0.558187937931771,5.54322049481899,22.6310335454871,1.88009430784808,58
"real barnyard","direct-capture",0.9,"mix72hr_DirectCapture pur90",7103,3,438.142857142857,0.711623675823981,0.631603663610959,6.04846917572639,57.2694860136026,377.109525012371,1339
"real barnyard","direct-capture",0.99,"mix72hr_DirectCapture pur99",6978,3,441.585714285714,0.71058661371559,0.634718618526412,6.06842558824411,38.9060496833669,34.7398612678757,310
"Model A (semi-synthetic)","CROP-seq",0.9,"A__mix0hr_Cropseq__pur90__muweak__moilow",2658,1,2,0.443590055480356,0.184531749196702,1.94591014905531,NA,0.0270057652151589,5
"Model A (semi-synthetic)","CROP-seq",0.9,"A__mix0hr_Cropseq__pur90__muweak__moihigh",2833,3,6.71428571428571,0.446703850749559,0.23543533697632,1.94591014905531,NA,0.0242836842670137,5
"Model A (semi-synthetic)","CROP-seq",0.9,"A__mix0hr_Cropseq__pur90__mumod__moilow",2682,1,4,0.378874972550531,0.210961408153296,2.35024018289621,NA,0.0270598616093733,5
"Model A (semi-synthetic)","CROP-seq",0.9,"A__mix0hr_Cropseq__pur90__mumod__moihigh",2849,3,16.5,0.413330340725317,0.300780669144981,2.484906649788,NA,0.0280013606006237,5
"Model A (semi-synthetic)","CROP-seq",0.9,"A__mix0hr_Cropseq__pur90__mustrong__moilow",2690,1,7.5,0.35500544220708,0.206427648578811,3.59721842555017,NA,0.0266152775968086,5
"Model A (semi-synthetic)","CROP-seq",0.9,"A__mix0hr_Cropseq__pur90__mustrong__moihigh",2856,4,47.7321428571429,0.362917865593999,0.421200896543588,3.73766961828337,NA,0.0268193536916367,5
"Model A (semi-synthetic)","CROP-seq",0.99,"A__mix0hr_Cropseq__pur99__muweak__moilow",2614,1,2,0.423330240081004,0.196376855962039,2.01267584536757,NA,0.0173003391379555,3
"Model A (semi-synthetic)","CROP-seq",0.99,"A__mix0hr_Cropseq__pur99__muweak__moihigh",2771,3,6.8,0.477959842583898,0.255721071632149,1.79175946922805,NA,0.0173194930320568,3
"Model A (semi-synthetic)","CROP-seq",0.99,"A__mix0hr_Cropseq__pur99__mumod__moilow",2619,1,4,0.401566966254038,0.211775483011326,2.484906649788,NA,0.0171754906026668,3
"Model A (semi-synthetic)","CROP-seq",0.99,"A__mix0hr_Cropseq__pur99__mumod__moihigh",2780,4,17,0.417953517721113,0.308570504527814,2.39789527279837,NA,0.0161778905858372,3
"Model A (semi-synthetic)","CROP-seq",0.99,"A__mix0hr_Cropseq__pur99__mustrong__moilow",2665,1,8,0.359708261189293,0.23,3.63758615972639,NA,0.0170553597461377,3
"Model A (semi-synthetic)","CROP-seq",0.99,"A__mix0hr_Cropseq__pur99__mustrong__moihigh",2786,4,46.5982142857143,0.349114464036336,0.398653192409914,3.71357206670431,NA,0.0176011911884841,3
"Model A (semi-synthetic)","CROP-seq",0.9,"A__mix72hr_Cropseq__pur90__muweak__moilow",4625,1,1.83333333333333,0.432910380617769,0.131746071339486,1.94591014905531,2.32388273395351,0.0471350254323355,11
"Model A (semi-synthetic)","CROP-seq",0.9,"A__mix72hr_Cropseq__pur90__muweak__moihigh",4834,3,5.375,0.478483346686298,0.22643467230444,1.94591014905531,3.38560979237301,0.0482611200561215,11
"Model A (semi-synthetic)","CROP-seq",0.9,"A__mix72hr_Cropseq__pur90__mumod__moilow",4666,1,2.8,0.344587304870321,0.12820507799752,2.484906649788,3.14800547970781,0.0480708554466383,11
"Model A (semi-synthetic)","CROP-seq",0.9,"A__mix72hr_Cropseq__pur90__mumod__moihigh",4839,4,14,0.378319326591312,0.298352003525912,2.39789527279837,3.42578605531625,0.0483465620031796,11
"Model A (semi-synthetic)","CROP-seq",0.9,"A__mix72hr_Cropseq__pur90__mustrong__moilow",4669,1,6.375,0.315999192789392,0.139276487517569,3.61091791264422,3.13810153715101,0.0478658081503539,11
"Model A (semi-synthetic)","CROP-seq",0.9,"A__mix72hr_Cropseq__pur90__mustrong__moihigh",4844,4,39,0.389467672462235,0.354486897921117,3.68887945411394,2.41140889610964,0.0482148882169946,11
"Model A (semi-synthetic)","CROP-seq",0.99,"A__mix72hr_Cropseq__pur99__muweak__moilow",4501,1,1.66666666666667,0.43540051934357,0.128396116504854,1.94591014905531,NA,0.0275771231451756,5
"Model A (semi-synthetic)","CROP-seq",0.99,"A__mix72hr_Cropseq__pur99__muweak__moihigh",4716,3,5.66666666666667,0.465794114053478,0.193840917233966,1.94591014905531,NA,0.0279957211593726,5
"Model A (semi-synthetic)","CROP-seq",0.99,"A__mix72hr_Cropseq__pur99__mumod__moilow",4547,1,2.75,0.335872575802118,0.132660177345156,2.39789527279837,NA,0.0271751062852652,5
"Model A (semi-synthetic)","CROP-seq",0.99,"A__mix72hr_Cropseq__pur99__mumod__moihigh",4726,3,14,0.393126726786086,0.262149326612586,2.484906649788,NA,0.0273268790731316,5
"Model A (semi-synthetic)","CROP-seq",0.99,"A__mix72hr_Cropseq__pur99__mustrong__moilow",4567,1,6.125,0.27431366449007,0.140023752969121,3.68887945411394,NA,0.0274931471010448,5
"Model A (semi-synthetic)","CROP-seq",0.99,"A__mix72hr_Cropseq__pur99__mustrong__moihigh",4730,4,42.2857142857143,0.345704235127235,0.294570971398093,3.61091791264422,NA,0.0275834439683469,5
"Model A (semi-synthetic)","direct-capture",0.9,"A__mix0hr_DirectCapture__pur90__muweak__moilow",1808,1,15.875,0.552912321877224,0.316344874279177,2.802901033148,19.5485011942163,68.1012275057234,484
"Model A (semi-synthetic)","direct-capture",0.9,"A__mix0hr_DirectCapture__pur90__muweak__moihigh",2423,3,46,0.564770192293513,0.630197605896393,2.56494935746154,19.9233953708656,69.1499795722808,484
"Model A (semi-synthetic)","direct-capture",0.9,"A__mix0hr_DirectCapture__pur90__mumod__moilow",1940,1,35.25,0.514943481211826,0.61709214426787,2.86179255097619,19.2307545702025,67.8273956999151,484
"Model A (semi-synthetic)","direct-capture",0.9,"A__mix0hr_DirectCapture__pur90__mumod__moihigh",2479,4,86.6666666666667,0.471317890020637,0.771903647837226,2.77258872223978,19.467881606356,69.4806472123371,484
"Model A (semi-synthetic)","direct-capture",0.9,"A__mix0hr_DirectCapture__pur90__mustrong__moilow",1974,1,112,0.448188491823876,0.73603077049861,3.58351893845611,19.4744477210089,67.8449526279183,484
"Model A (semi-synthetic)","direct-capture",0.9,"A__mix0hr_DirectCapture__pur90__mustrong__moihigh",2491,4,300,0.452427012349784,0.751082138255151,3.8286413964891,20.1251887560515,70.1318938582022,484
"Model A (semi-synthetic)","direct-capture",0.99,"A__mix0hr_DirectCapture__pur99__muweak__moilow",1680,1,12,0.57140293144477,0.389962760421367,3.55534806148941,6.55391900987806,3.67317553151171,58
"Model A (semi-synthetic)","direct-capture",0.99,"A__mix0hr_DirectCapture__pur99__muweak__moihigh",2221,3,49,0.524626290971941,0.604441726505168,3.36729582998647,6.98868796748138,3.78135632509646,58
"Model A (semi-synthetic)","direct-capture",0.99,"A__mix0hr_DirectCapture__pur99__mumod__moilow",1762,1,36,0.496032621694827,0.461465606976443,3.87120101090789,6.55428914396405,3.66450710943452,58
"Model A (semi-synthetic)","direct-capture",0.99,"A__mix0hr_DirectCapture__pur99__mumod__moihigh",2255,4,105.6875,0.492724139203417,0.729230977972021,3.2188758248682,7.46336164847658,3.6553066838881,58
"Model A (semi-synthetic)","direct-capture",0.99,"A__mix0hr_DirectCapture__pur99__mustrong__moilow",1780,1,149,0.453946452351363,0.592524795505437,4.66339459230971,6.10911594819908,3.47115889384596,58
"Model A (semi-synthetic)","direct-capture",0.99,"A__mix0hr_DirectCapture__pur99__mustrong__moihigh",2270,4,288.071428571429,0.439408687710999,0.721355778311833,4.04305126783455,6.72688168758177,3.59961730478715,58
"Model A (semi-synthetic)","direct-capture",0.9,"A__mix72hr_DirectCapture__pur90__muweak__moilow",1268,1,12.25,0.578785571444262,0.49707622694048,3.90151332181611,38.009844458163,475.432968226159,1339
"Model A (semi-synthetic)","direct-capture",0.9,"A__mix72hr_DirectCapture__pur90__muweak__moihigh",1648,3,43.3923611111111,0.60699531822046,0.666821942357239,3.13454814185313,40.5588386081098,480.121372643956,1339
"Model A (semi-synthetic)","direct-capture",0.9,"A__mix72hr_DirectCapture__pur90__mumod__moilow",1364,1,30.25,0.52957505426844,0.509349437404731,3.11326833464373,37.618388977691,478.864234752361,1339
"Model A (semi-synthetic)","direct-capture",0.9,"A__mix72hr_DirectCapture__pur90__mumod__moihigh",1674,4,106,0.515526367267453,0.726720095688388,3.49650756146648,40.5086122726089,482.946336512299,1339
"Model A (semi-synthetic)","direct-capture",0.9,"A__mix72hr_DirectCapture__pur90__mustrong__moilow",1390,1,102,0.502478480852266,0.713626316565037,4.90155728919467,38.2502693659319,477.638394099714,1339
"Model A (semi-synthetic)","direct-capture",0.9,"A__mix72hr_DirectCapture__pur90__mustrong__moihigh",1674,4,341.5,0.475016902630612,0.760871497599417,4.3838981278133,40.5054566078488,486.618134866727,1339
"Model A (semi-synthetic)","direct-capture",0.99,"A__mix72hr_DirectCapture__pur99__muweak__moilow",1211,1,13.8571428571429,0.566735646886139,0.379025703086899,3.2188758248682,13.9942827513919,42.586668927267,222
"Model A (semi-synthetic)","direct-capture",0.99,"A__mix72hr_DirectCapture__pur99__muweak__moihigh",1546,4,47.5043859649123,0.596592810113621,0.696649551540361,2.83321334405622,15.7593185060879,59.6828397052401,310
"Model A (semi-synthetic)","direct-capture",0.99,"A__mix72hr_DirectCapture__pur99__mumod__moilow",1245,1,26,0.562397075370109,0.320515653775322,3.44682817730132,14.7739128852107,57.6554041070682,310
"Model A (semi-synthetic)","direct-capture",0.99,"A__mix72hr_DirectCapture__pur99__mumod__moihigh",1577,4,116,0.517951703935393,0.648422825459775,3.44986155364244,15.6132389987808,59.2905131217965,310
"Model A (semi-synthetic)","direct-capture",0.99,"A__mix72hr_DirectCapture__pur99__mustrong__moilow",1297,1,104,0.443381085545915,0.541577234646542,4.28961429116785,14.2832545477763,57.7680767872624,310
"Model A (semi-synthetic)","direct-capture",0.99,"A__mix72hr_DirectCapture__pur99__mustrong__moihigh",1581,4,207,0.502842236610435,0.858085183668107,4.00733318523247,15.2508543632049,59.4470731723385,310
"Model B (mechanistic)","CROP-seq",0.99,"B__cropseq_like__clean__muweak__moilow",3270,1,2,0.454563985310649,0.244789426523297,1.79175946922805,NA,0.0196441472446811,3
"Model B (mechanistic)","CROP-seq",0.99,"B__cropseq_like__clean__muweak__moihigh",3484,2,4.30952380952381,0.463557314480079,0.283183830881303,1.79175946922805,NA,0.0170214611668147,3
"Model B (mechanistic)","CROP-seq",0.99,"B__cropseq_like__clean__mumod__moilow",3314,1,3,0.329399655934429,0.251196085538238,1.94591014905531,NA,0.0197326838493748,3
"Model B (mechanistic)","CROP-seq",0.99,"B__cropseq_like__clean__mumod__moihigh",3494,3,12.6333333333333,0.340853551833969,0.268092624356775,2.07944154167984,NA,0.0213394731854295,3
"Model B (mechanistic)","CROP-seq",0.99,"B__cropseq_like__clean__mustrong__moilow",3291,1,6.25,0.29218377733507,0.260546057667772,3.13549421592915,NA,0.0197768995112244,3
"Model B (mechanistic)","CROP-seq",0.99,"B__cropseq_like__clean__mustrong__moihigh",3496,4,35.225,0.319210769168975,0.292957825679475,3.36729582998647,NA,0.0191779727989327,3
"Model B (mechanistic)","CROP-seq",0.9,"B__cropseq_like__doublets__muweak__moilow",3282,1,1.66666666666667,0.493766148981555,0.283831852078864,1.79175946922805,1.42777027953689,0.0223490349381746,3
"Model B (mechanistic)","CROP-seq",0.9,"B__cropseq_like__doublets__muweak__moihigh",3486,3,4.42261904761905,0.488229066882758,0.287986490833065,1.79175946922805,NA,0.0218556835468689,3
"Model B (mechanistic)","CROP-seq",0.9,"B__cropseq_like__doublets__mumod__moilow",3331,1,3,0.398751999238343,0.262506448839209,2.01267584536757,NA,0.021535736932698,3
"Model B (mechanistic)","CROP-seq",0.9,"B__cropseq_like__doublets__mumod__moihigh",3498,4,12.5,0.428231101869925,0.31675944097532,2.19722457733622,NA,0.0232707148679237,3
"Model B (mechanistic)","CROP-seq",0.9,"B__cropseq_like__doublets__mustrong__moilow",3348,1,7,0.309332724421153,0.26410861339862,3.13549421592915,0.753903185786371,0.0237748098856358,3
"Model B (mechanistic)","CROP-seq",0.9,"B__cropseq_like__doublets__mustrong__moihigh",3497,4,32.2,0.395783652768629,0.374268520738432,3.36729582998647,1.3742598523252,0.0254099511142513,3
"Model B (mechanistic)","direct-capture",0.99,"B__dircap_like__clean__muweak__moilow",3418,1,4,0.3433048978229,0.497283030585313,3.04452243772342,0.965610722633788,0.0545718895127248,4
"Model B (mechanistic)","direct-capture",0.99,"B__dircap_like__clean__muweak__moihigh",3497,4,18,0.368026417287609,0.47459915943732,3.13549421592915,0.966777956974264,0.0508013872638849,4
"Model B (mechanistic)","direct-capture",0.99,"B__dircap_like__clean__mumod__moilow",3420,1,11.4222222222222,0.264874403262628,0.564344924103779,4.46590811865458,0.931212425517617,0.0840026892119954,4
"Model B (mechanistic)","direct-capture",0.99,"B__dircap_like__clean__mumod__moihigh",3498,4,66.6907894736842,0.330464912236783,0.534728537342997,4.44849927637191,1.13899989441189,0.0580361794443201,5
"Model B (mechanistic)","direct-capture",0.99,"B__dircap_like__clean__mustrong__moilow",3438,1,37.275,0.255759492289985,0.502584276936928,5.66642668811243,1.00381247055139,0.0578173432024932,4
"Model B (mechanistic)","direct-capture",0.99,"B__dircap_like__clean__mustrong__moihigh",3499,4,176.333333333333,0.3587088277501,0.66815491002966,5.72031177660741,1.03416497944175,0.0536768735701197,4
"Model B (mechanistic)","direct-capture",0.9,"B__dircap_like__doublets__muweak__moilow",3431,1,4,0.335017819872176,0.53316096979836,3.04452243772342,0.940876732479174,0.0827643997515186,5
"Model B (mechanistic)","direct-capture",0.9,"B__dircap_like__doublets__muweak__moihigh",3494,4,17.4642857142857,0.418921016822439,0.503603683765627,3.13549421592915,1.01498088452351,0.0759179084994535,5
"Model B (mechanistic)","direct-capture",0.9,"B__dircap_like__doublets__mumod__moilow",3416,1,13,0.349210379571184,0.523353317807457,4.51620458174176,0.9614951633069,0.0773017239882203,4
"Model B (mechanistic)","direct-capture",0.9,"B__dircap_like__doublets__mumod__moihigh",3498,4,60.6904761904762,0.404516609383066,0.483130443799253,4.5432381923769,1.00237832464932,0.0667466802692478,4
"Model B (mechanistic)","direct-capture",0.9,"B__dircap_like__doublets__mustrong__moilow",3434,1,42.6333333333333,0.315959717590531,0.471333408925537,5.80964174147857,0.982773634689746,0.0709262468636908,4
"Model B (mechanistic)","direct-capture",0.9,"B__dircap_like__doublets__mustrong__moihigh",3500,5,176.083333333333,0.371864242535376,0.632155074987018,5.75098281236694,1.02611904255543,0.0770904587620188,4
"Model B (mechanistic)","high-ambient (primary-like)",0.99,"B__high_ambient__clean__muweak__moilow",3499,1,1.25,0.662888477458961,0.501963500445533,2.30258509299405,1.22283041207186,0.341754731699659,12
"Model B (mechanistic)","high-ambient (primary-like)",0.99,"B__high_ambient__clean__muweak__moihigh",3500,3,3.09035326086957,0.477006653899214,0.46230719343612,2.19722457733622,1.30988156929403,0.440621456804478,17
"Model B (mechanistic)","high-ambient (primary-like)",0.99,"B__high_ambient__clean__mumod__moilow",3499,1,1.69230769230769,0.440997314281107,0.516296424522534,2.94305201572508,1.25502719085099,0.476507908140943,17
"Model B (mechanistic)","high-ambient (primary-like)",0.99,"B__high_ambient__clean__mumod__moihigh",3500,4,7.37619047619048,0.369301101908857,0.507234217018959,3.04452243772342,1.30720440605126,0.457805299663083,18
"Model B (mechanistic)","high-ambient (primary-like)",0.99,"B__high_ambient__clean__mustrong__moilow",3499,1,3.03448275862069,0.383947887853284,0.486838265371661,4.22680710488668,1.22364415281536,0.353900323956066,12
"Model B (mechanistic)","high-ambient (primary-like)",0.99,"B__high_ambient__clean__mustrong__moihigh",3500,4,18.6490147783251,0.365546486889476,0.509246481257866,4.26267987704132,1.31337192713242,0.50993116574644,16
"Model B (mechanistic)","high-ambient (primary-like)",0.9,"B__high_ambient__doublets__muweak__moilow",3497,1,1.28,0.710875200837012,0.537780231797665,2.30258509299405,1.24908254537378,0.587084474602577,20
"Model B (mechanistic)","high-ambient (primary-like)",0.9,"B__high_ambient__doublets__muweak__moihigh",3500,3,3.15,0.551720282684171,0.464550653557462,2.19722457733622,1.27597900033703,0.433032067127693,14
"Model B (mechanistic)","high-ambient (primary-like)",0.9,"B__high_ambient__doublets__mumod__moilow",3499,1,1.78571428571429,0.506528367995884,0.537498368856024,3.09104245335832,1.25728207170891,0.488790090607335,17
"Model B (mechanistic)","high-ambient (primary-like)",0.9,"B__high_ambient__doublets__mumod__moihigh",3500,4,7.68615384615385,0.401701727633492,0.463085957446808,3.09104245335832,1.29678012368086,0.384087570549084,11
"Model B (mechanistic)","high-ambient (primary-like)",0.9,"B__high_ambient__doublets__mustrong__moilow",3500,1,3.1,0.367489758565981,0.520508041692552,4.15888308335967,1.22574520235413,0.386123221823112,12
"Model B (mechanistic)","high-ambient (primary-like)",0.9,"B__high_ambient__doublets__mustrong__moihigh",3500,4,18.2240143369176,0.41737807516225,0.447844215133798,4.15888308335967,1.26048507981824,0.332343476984705,10
"lab comprehensive sim","(sum-process)",NA,"lab comprehensive sim",7994,2,10.25,0.580088825877124,0.151407264001745,2.07944154167984,8.67800533916723,2.24165597858477,43
