"method","moi","mu","th","jaccard","precision","recall"
"fishash","highMOI",5,"th015",0.24738468938475,0.768415255338326,0.267148635320794
"fishash","highMOI",5,"th05",0.173381054994019,0.827678910722159,0.180111785615233
"fishash","highMOI",5,"th15",0.0980619980611944,0.791635362894373,0.100639582772201
"fishash","highMOI",15,"th015",0.398045248694386,0.856345377298803,0.426470176410321
"fishash","highMOI",15,"th05",0.411645555649356,0.934490324506297,0.423648092224218
"fishash","highMOI",15,"th15",0.420161446436837,0.949486105744771,0.429834434239348
"fishash","highMOI",50,"th015",0.547702136635627,0.912067406857051,0.578559458957519
"fishash","highMOI",50,"th05",0.655933668417849,0.952537600864077,0.677838068319076
"fishash","highMOI",50,"th15",0.813560726242133,0.961631498311911,0.840927647685089
"fishash","highMOI",150,"th015",0.63398865070734,0.924331596461856,0.668634242751147
"fishash","highMOI",150,"th05",0.783674638403197,0.947122738777404,0.819713897395092
"fishash","highMOI",150,"th15",0.926110512199075,0.956845138296699,0.966531070557632
"fishash","highMOI",500,"th015",0.710002107279423,0.933413266649038,0.74823945104825
"fishash","highMOI",500,"th05",0.867915297650626,0.962563467421278,0.898232172305868
"fishash","highMOI",500,"th15",0.95083871177579,0.957385579504999,0.992833353919414
"fishash","lowMOI",5,"th015",0.251116355914337,0.7659589550591,0.272653854940396
"fishash","lowMOI",5,"th05",0.171432321542605,0.810392180898042,0.178577245596194
"fishash","lowMOI",5,"th15",0.101452577206688,0.784443072928124,0.104251646637577
"fishash","lowMOI",15,"th015",0.396497864721545,0.862494398681813,0.423220086767194
"fishash","lowMOI",15,"th05",0.404512696682586,0.928816220008776,0.417703382586177
"fishash","lowMOI",15,"th15",0.428667615736733,0.950420985267989,0.438612472463451
"fishash","lowMOI",50,"th015",0.544242305431513,0.900026534108618,0.57934193297483
"fishash","lowMOI",50,"th05",0.638162548199519,0.94625554647283,0.662094374234208
"fishash","lowMOI",50,"th15",0.788830016767567,0.959360988110848,0.816183501701848
"fishash","lowMOI",150,"th015",0.628684478261678,0.92205124689161,0.664130696002067
"fishash","lowMOI",150,"th05",0.779292636146596,0.953035261079601,0.810529941529553
"fishash","lowMOI",150,"th15",0.917654439376344,0.958347150466364,0.955812091514212
"fishash","lowMOI",500,"th015",0.705464969235595,0.936156993333111,0.741317434763877
"fishash","lowMOI",500,"th05",0.864112677818435,0.957072250977586,0.899199262607166
"fishash","lowMOI",500,"th15",0.951668596734433,0.960322040818926,0.990563068300522
"geomux","highMOI",5,"th015",0.256563208554032,0.720264723494948,0.284857092732405
"geomux","highMOI",5,"th05",0.199743343451186,0.762426480875437,0.213060637562342
"geomux","highMOI",5,"th15",0.156926249700768,0.757112415974271,0.165144372531183
"geomux","highMOI",15,"th015",0.385501966617779,0.869019169258715,0.408925834665457
"geomux","highMOI",15,"th05",0.411737149860369,0.925348659421164,0.425809674642054
"geomux","highMOI",15,"th15",0.450549121813746,0.941421827983223,0.463560655731914
"geomux","highMOI",50,"th015",0.510269053673398,0.97091717548339,0.518236127335474
"geomux","highMOI",50,"th05",0.601764460719863,0.982902772027254,0.608055765996891
"geomux","highMOI",50,"th15",0.753753473085526,0.98687947375708,0.761350278704595
"geomux","highMOI",150,"th015",0.567480963237672,0.99404400351643,0.56940040777947
"geomux","highMOI",150,"th05",0.709758699493591,0.995618781553106,0.711924795648625
"geomux","highMOI",150,"th15",0.894081350368968,0.997259595260273,0.896308725048586
"geomux","highMOI",500,"th015",0.610665594416794,0.999267598343685,0.610939806753878
"geomux","highMOI",500,"th05",0.780723460392047,0.999863387978142,0.780801475549277
"geomux","highMOI",500,"th15",0.957569269505618,0.999888888888889,0.957667718927227
"geomux","lowMOI",5,"th015",0.265300088829133,0.7267379685341,0.295484026125847
"geomux","lowMOI",5,"th05",0.213672188841974,0.780936610242323,0.227283296922713
"geomux","lowMOI",5,"th15",0.156891371624456,0.758499305002567,0.165228925349295
"geomux","lowMOI",15,"th015",0.386664265044525,0.873305317938663,0.409585608913
"geomux","lowMOI",15,"th05",0.40272214553973,0.91957323284375,0.417481431892869
"geomux","lowMOI",15,"th15",0.446151047278519,0.93911039513979,0.459490553517136
"geomux","lowMOI",50,"th015",0.50781951851893,0.964902359741757,0.517273870966942
"geomux","lowMOI",50,"th05",0.583418743128392,0.975399949397576,0.591948269606297
"geomux","lowMOI",50,"th15",0.728662543518162,0.986981699422761,0.735696449270791
"geomux","lowMOI",150,"th015",0.564795357278642,0.993004053850513,0.567059268830595
"geomux","lowMOI",150,"th05",0.697433325791646,0.996423491073593,0.699200198253978
"geomux","lowMOI",150,"th15",0.876490259452652,0.996519646605687,0.879207046636601
"geomux","lowMOI",500,"th015",0.607788631842939,0.99947157637112,0.607973137001331
"geomux","lowMOI",500,"th05",0.780114175164909,0.999874371859297,0.780196978778158
"geomux","lowMOI",500,"th15",0.944237346488327,0.999653562200074,0.944543703591434
"geomux_nolor","highMOI",5,"th015",0.314780255612738,0.413248914821005,0.569332730794379
"geomux_nolor","highMOI",5,"th05",0.379489571806664,0.521915400274524,0.582765985118276
"geomux_nolor","highMOI",5,"th15",0.43572458916483,0.595436341112936,0.619313163090732
"geomux_nolor","highMOI",15,"th015",0.412793782419577,0.536954717205152,0.641313631730272
"geomux_nolor","highMOI",15,"th05",0.529524441152323,0.670213724430709,0.716495146436826
"geomux_nolor","highMOI",15,"th15",0.634408756066263,0.726852896828653,0.833067239446077
"geomux_nolor","highMOI",50,"th015",0.531342532604339,0.714979190833189,0.675357071215325
"geomux_nolor","highMOI",50,"th05",0.681883964975649,0.824134152864884,0.798182455413956
"geomux_nolor","highMOI",50,"th15",0.800929921255878,0.851553211747538,0.930895415098668
"geomux_nolor","highMOI",150,"th015",0.632231010642159,0.882730740606872,0.690413626520373
"geomux_nolor","highMOI",150,"th05",0.780748216051927,0.92649503809694,0.832455720739271
"geomux_nolor","highMOI",150,"th15",0.916819246278324,0.944839004723714,0.968781524295958
"geomux_nolor","highMOI",500,"th015",0.684367943211303,0.98648398257645,0.691015231813329
"geomux_nolor","highMOI",500,"th05",0.846850409381155,0.992755000200984,0.852083391487339
"geomux_nolor","highMOI",500,"th15",0.975982035813098,0.992588637761693,0.983144784823949
"geomux_nolor","lowMOI",5,"th015",0.306717421197395,0.405026840082126,0.55983643178652
"geomux_nolor","lowMOI",5,"th05",0.383893650810337,0.528748966168029,0.583957776998883
"geomux_nolor","lowMOI",5,"th15",0.426864180885151,0.588364823413701,0.6084067023339
"geomux_nolor","lowMOI",15,"th015",0.408735945151859,0.531163672281912,0.64002208638691
"geomux_nolor","lowMOI",15,"th05",0.527542702094874,0.673598315956278,0.708982997124019
"geomux_nolor","lowMOI",15,"th15",0.622149799770383,0.726283852878655,0.812909910214093
"geomux_nolor","lowMOI",50,"th015",0.52979958786397,0.709078834082823,0.676576465134133
"geomux_nolor","lowMOI",50,"th05",0.661095636644796,0.804976735344394,0.787553461496352
"geomux_nolor","lowMOI",50,"th15",0.798095664536247,0.859652116486178,0.917732752231741
"geomux_nolor","lowMOI",150,"th015",0.625805183227012,0.888214660845162,0.679629246765657
"geomux_nolor","lowMOI",150,"th05",0.781424537155734,0.92974631636514,0.830607447696432
"geomux_nolor","lowMOI",150,"th15",0.906211741263914,0.940748723248643,0.961087120055922
"geomux_nolor","lowMOI",500,"th015",0.676881775691609,0.985490970540183,0.683805245944636
"geomux_nolor","lowMOI",500,"th05",0.843398798063479,0.98849757165423,0.851775281857693
"geomux_nolor","lowMOI",500,"th15",0.96942326486439,0.993073052278778,0.976037130196355
"otsu","highMOI",5,"th015",0.101860395112653,0.101860395112653,1
"otsu","highMOI",5,"th05",0.146475177095555,0.146475177095555,1
"otsu","highMOI",5,"th15",0.178822703899298,0.178822703899298,1
"otsu","highMOI",15,"th015",0.178940931619532,0.194696846110801,0.939644286932652
"otsu","highMOI",15,"th05",0.488270521610921,0.550021374089035,0.828519051454394
"otsu","highMOI",15,"th15",0.610300739010994,0.653029316083305,0.904133034883709
"otsu","highMOI",50,"th015",0.493204980887628,0.609316087883824,0.728942328305702
"otsu","highMOI",50,"th05",0.660280350454302,0.75412749577897,0.844285312419778
"otsu","highMOI",50,"th15",0.764606814246997,0.796689517677527,0.950147021052396
"otsu","highMOI",150,"th015",0.63015720334923,0.878395282184057,0.694218804612676
"otsu","highMOI",150,"th05",0.784994741621195,0.917620173703776,0.845130046651686
"otsu","highMOI",150,"th15",0.918342328193959,0.944975309675944,0.970415613658455
"otsu","highMOI",500,"th015",0.699838336049103,0.98452424963729,0.707853673123464
"otsu","highMOI",500,"th05",0.859305153138981,0.991694993785941,0.86549869242632
"otsu","highMOI",500,"th15",0.981054695562443,0.994719189490522,0.986200074092139
"otsu","lowMOI",5,"th015",0.0999988886122945,0.0999988886122945,1
"otsu","lowMOI",5,"th05",0.148337985848255,0.148337985848255,1
"otsu","lowMOI",5,"th15",0.174339036889059,0.174339036889059,1
"otsu","lowMOI",15,"th015",0.199014945743798,0.220031281111386,0.919363863070936
"otsu","lowMOI",15,"th05",0.502041976770871,0.571356376435467,0.812196440266817
"otsu","lowMOI",15,"th15",0.601563081551473,0.652102780280771,0.8873048413407
"otsu","lowMOI",50,"th015",0.492969216526518,0.608364032328532,0.726939102615997
"otsu","lowMOI",50,"th05",0.632821631516517,0.722912685413647,0.837073159473174
"otsu","lowMOI",50,"th15",0.76268052789111,0.804880201083759,0.935903142226267
"otsu","lowMOI",150,"th015",0.622583666645424,0.861724123717576,0.693599577654317
"otsu","lowMOI",150,"th05",0.776231436324248,0.910105141532459,0.841284200413117
"otsu","lowMOI",150,"th15",0.900833264590295,0.935853653798634,0.960243411558053
"otsu","lowMOI",500,"th015",0.688675352928426,0.984470840429521,0.696458115040239
"otsu","lowMOI",500,"th05",0.858528729190726,0.985233429143819,0.869811525155363
"otsu","lowMOI",500,"th15",0.971304061691253,0.991931847046927,0.979043358540643
"ours","highMOI",5,"th015",0.298986163188484,0.356315549281648,0.650748864707554
"ours","highMOI",5,"th05",0.389375899514064,0.473159697735728,0.687806011505816
"ours","highMOI",5,"th15",0.459863105824925,0.54891335454202,0.739395729483663
"ours","highMOI",15,"th015",0.388297316977029,0.465838609302314,0.700884744004375
"ours","highMOI",15,"th05",0.511958424930078,0.59867366598114,0.780400510227833
"ours","highMOI",15,"th15",0.614734599391958,0.66641221656916,0.887851442887402
"ours","highMOI",50,"th015",0.506808410209473,0.634367191315416,0.717576949708332
"ours","highMOI",50,"th05",0.661027643790116,0.756329572454844,0.840336337074819
"ours","highMOI",50,"th15",0.762044909071375,0.792146879386281,0.952458434392642
"ours","highMOI",150,"th015",0.617592347341604,0.816960990968772,0.71762450666724
"ours","highMOI",150,"th05",0.767941240891561,0.882219647502513,0.855749416971678
"ours","highMOI",150,"th15",0.888252893519495,0.908012621995185,0.976146051051364
"ours","highMOI",500,"th015",0.692922152894266,0.96641766737561,0.710652005275388
"ours","highMOI",500,"th05",0.855649128443964,0.985924367675953,0.866204096202022
"ours","highMOI",500,"th15",0.970157022061218,0.983626344703951,0.986094041032395
"ours","lowMOI",5,"th015",0.295873171007207,0.354570496758224,0.64155556563093
"ours","lowMOI",5,"th05",0.396492961129368,0.484286035700281,0.686614931089198
"ours","lowMOI",5,"th15",0.449966998983981,0.541587646969347,0.726751801757963
"ours","lowMOI",15,"th015",0.38292379832995,0.460042915496646,0.696323629533559
"ours","lowMOI",15,"th05",0.520147768985623,0.61196972614833,0.776309009354993
"ours","lowMOI",15,"th15",0.608040632974813,0.666877371068253,0.873268655231362
"ours","lowMOI",50,"th015",0.504054575770392,0.630704643758797,0.715281999512522
"ours","lowMOI",50,"th05",0.642730923109625,0.740443340849575,0.829946731338898
"ours","lowMOI",50,"th15",0.76067770705098,0.797255755924473,0.943151591616536
"ours","lowMOI",150,"th015",0.616602268539538,0.825839254337736,0.709337592965391
"ours","lowMOI",150,"th05",0.769795386007585,0.886037194215068,0.854726795555727
"ours","lowMOI",150,"th15",0.878619693253803,0.901031433630881,0.972513314594905
"ours","lowMOI",500,"th015",0.686200637255451,0.973209390107629,0.699590050984494
"ours","lowMOI",500,"th05",0.85237559710968,0.980741624561765,0.866938273660917
"ours","lowMOI",500,"th15",0.966425613896628,0.986591193622139,0.979273785027615
"valley","highMOI",5,"th015",0.288786743646256,0.55086050070446,0.411840949235448
"valley","highMOI",5,"th05",0.244286640687631,0.647071641089481,0.314619812276467
"valley","highMOI",5,"th15",0.219275299240992,0.692341827034436,0.268236822226622
"valley","highMOI",15,"th015",0.311565069418971,0.652544672472542,0.421199654800516
"valley","highMOI",15,"th05",0.418383609881945,0.765200806621812,0.516894648504159
"valley","highMOI",15,"th15",0.509387509691353,0.755056611734657,0.652773780587086
"valley","highMOI",50,"th015",0.370436274779342,0.687411880397014,0.503610998507788
"valley","highMOI",50,"th05",0.567196294502741,0.811883090387636,0.682076682554201
"valley","highMOI",50,"th15",0.684763319962772,0.867486640505629,0.793299279620619
"valley","highMOI",150,"th015",0.493230737023524,0.696739509471316,0.669642333429467
"valley","highMOI",150,"th05",0.570724795597632,0.838928698115822,0.680951760439362
"valley","highMOI",150,"th15",0.800051918993787,0.925094337761959,0.867957867895598
"valley","highMOI",500,"th015",0.427962641425133,0.780715376874684,0.541891226390404
"valley","highMOI",500,"th05",0.648725633471717,0.861778674712424,0.758155887036496
"valley","highMOI",500,"th15",0.816031604202405,0.95380760726731,0.85642796882764
"valley","lowMOI",5,"th015",0.277388350920457,0.552714177504789,0.389593860884844
"valley","lowMOI",5,"th05",0.290129589438412,0.63842242764588,0.36705454755549
"valley","lowMOI",5,"th15",0.254092911149956,0.65806177504032,0.315066027697082
"valley","lowMOI",15,"th015",0.386832614221771,0.643161967314152,0.518803835569585
"valley","lowMOI",15,"th05",0.463888357875601,0.778650017151775,0.557706084527252
"valley","lowMOI",15,"th15",0.434250740237553,0.777108692519413,0.534619020393641
"valley","lowMOI",50,"th015",0.41753800901734,0.674516463755314,0.573599427587812
"valley","lowMOI",50,"th05",0.57514203168842,0.766169919671536,0.725447013234401
"valley","lowMOI",50,"th15",0.665998505950536,0.883998532603391,0.761303330684611
"valley","lowMOI",150,"th015",0.450997263011261,0.701666928162861,0.607672351807526
"valley","lowMOI",150,"th05",0.514528416306165,0.783137567519452,0.647858077408962
"valley","lowMOI",150,"th15",0.822177148572378,0.913129883084909,0.905007038299161
"valley","lowMOI",500,"th015",0.470708935751203,0.76668597273721,0.599436998789602
"valley","lowMOI",500,"th05",0.633298604575518,0.86264950527479,0.736683499697578
"valley","lowMOI",500,"th15",0.918166466279117,0.947631045402743,0.970450439688732
