"guide","total","n_assigned","share_naive","comp_clean","comp_fish","inflation"
"CROPseq_dCas9_DS_CCNE2_+_95907328.23-P1P2",13482,204,0.00814773495748154,0.00729622680842193,0.00733838154021002,1.11029045203452
"CROPseq_dCas9_DS_CCNE2_+_95907382.23-P1P2",30433,419,0.0183919313129384,0.0170940170940171,0.0173922971737526,1.05747568186073
"CROPseq_dCas9_DS_CCNE2_+_95907406.23-P1P2",22787,332,0.0137711345850862,0.0130736472199887,0.0127178286674878,1.08282120675922
"CROPseq_dCas9_DS_CCNE2_-_95907017.23-P1P2",26215,379,0.0158428179728808,0.0152178444861372,0.0153045496840481,1.03517047544324
"CROPseq_dCas9_DS_CPQ_+_97657557.23-P1P2",16901,285,0.0102139792698706,0.00997647339110754,0.0100002937575677,1.02136792353137
"CROPseq_dCas9_DS_CPQ_+_97657573.23-P1P2",28003,371,0.0169233809534457,0.0163792846719676,0.0169049894765164,1.00108793187685
"CROPseq_dCas9_DS_CPQ_-_97657567.23-P1P2",17632,266,0.0106557530611419,0.0103040590845469,0.0100599177743668,1.05922864382582
"CROPseq_dCas9_DS_CPQ_-_97657591.23-P1P2",23798,316,0.0143821240556405,0.0143244289585753,0.0151748950428261,0.947757728475338
"CROPseq_dCas9_DS_DSCC1_+_120867694.23-P1P2",17687,258,0.0106889918552868,0.0114654992703773,0.01134796268593,0.941930472554313
"CROPseq_dCas9_DS_DSCC1_+_120868042.23-P1P2",8053,111,0.00486676380452446,0.00577742041156675,0.00562939521164164,0.864526937895559
"CROPseq_dCas9_DS_DSCC1_-_120867704.23-P1P2",13579,176,0.0082063561035189,0.0111974746121088,0.0110507269052166,0.742607809776296
"CROPseq_dCas9_DS_DSCC1_-_120868119.23-P1P2",8910,122,0.00538468465147311,0.00655171386878704,0.00630211029003033,0.854425645325734
"CROPseq_dCas9_DS_FAM83A_+_124194986-P1P2",20154,409,0.0121799028581133,0.0139372822299652,0.0143877640523021,0.846545913168798
"CROPseq_dCas9_DS_FAM83A_+_124195012-P1P2",17306,230,0.0104587376631194,0.0114059382352065,0.0109241804735302,0.957393343002839
"CROPseq_dCas9_DS_FAM83A_-_124194976-P1P2",18979,318,0.0114698013468359,0.00920217993388725,0.00886165657536326,1.29431796970374
"CROPseq_dCas9_DS_FAM83A_-_124194996-P1P2",26344,452,0.0159207780536933,0.0170940170940171,0.0172610791135808,0.922351259091736
"CROPseq_dCas9_DS_GATA1-A",7777,128,0.00469996549208826,0.00461598022573632,0.00449427545429528,1.04576711861228
"CROPseq_dCas9_DS_GATA1-B",10357,177,0.00625916710833973,0.00711754370290956,0.0069835734110667,0.896269966665057
"CROPseq_dCas9_DS_GATA1-C",12044,182,0.00727869157602045,0.00708776318532416,0.00701675629495404,1.03732996701835
"CROPseq_dCas9_DS_GATA1-D",13053,166,0.00788847236315135,0.0103636201197177,0.0101983646711248,0.773503656472139
"CROPseq_dCas9_DS_HS2-A",11381,212,0.00687801302114652,0.00851722802942315,0.00794977123409536,0.865183766753912
"CROPseq_dCas9_DS_HS2-B",17689,255,0.0106902005387102,0.00976800976800977,0.00929345880671076,1.15029299220554
"CROPseq_dCas9_DS_HS2-C",23740,305,0.0143470722363605,0.0125078173858662,0.0121979051948959,1.1761914859253
"CROPseq_dCas9_DS_HS2-D",36657,461,0.0221533541267172,0.0197742636767027,0.0201867288819587,1.09742169007461
"CROPseq_dCas9_DS_LRRCC1_+_86019483.23-P1P2",16135,222,0.00975105351868897,0.0103338396021323,0.00971929253064138,1.00326782921159
"CROPseq_dCas9_DS_LRRCC1_+_86019509.23-P1P2",4958,71,0.00299632620673442,0.0040799309091992,0.00381204064466965,0.786016332465963
"CROPseq_dCas9_DS_LRRCC1_+_86019522.23-P1P2",21658,320,0.0130888327925482,0.0120611096220852,0.0121257817449893,1.07942176989594
"CROPseq_dCas9_DS_LRRCC1_+_86019818.23-P1P2",28881,351,0.0174539929763406,0.0172131391643587,0.0184422235985554,0.946414779273569
"CROPseq_dCas9_DS_MYC-A",24579,311,0.0148541149324981,0.0157241132850889,0.015760779815585,0.942473348800266
"CROPseq_dCas9_DS_MYC-B",18742,286,0.011326572361157,0.0116739628934751,0.0112412095144997,1.00759374216335
"CROPseq_dCas9_DS_MYC-C",14352,233,0.00867351224668262,0.0103338396021323,0.0102599028202339,0.84537957119606
"CROPseq_dCas9_DS_MYC-D",14074,206,0.00850550525082296,0.0081598618183984,0.00791840523766205,1.07414371903682
"CROPseq_dCas9_DS_OXR1_+_107670106.23",23922,343,0.0144570624278945,0.0142648679234045,0.0141665515756493,1.02050681499261
"CROPseq_dCas9_DS_OXR1_+_107670159.23",20266,314,0.0122475891298265,0.0144435510289169,0.0146234061774057,0.837533265591018
"CROPseq_dCas9_DS_OXR1_+_107670422.23",28368,366,0.0171439656782255,0.0180172131391644,0.0180996024900453,0.947201226527193
"CROPseq_dCas9_DS_OXR1_-_107670413.23",20555,288,0.0124222438845151,0.0122993537627684,0.0117778077589071,1.05471613553216
"CROPseq_dCas9_DS_PHF20L1_+_133787682-P1P2",20412,327,0.0123358230197384,0.0112570356472795,0.0108115557955142,1.14098500281122
"CROPseq_dCas9_DS_PHF20L1_+_133788017-P1P2",20105,279,0.0121502901142387,0.0118824265165729,0.0114984138309869,1.0566927136937
"CROPseq_dCas9_DS_PHF20L1_+_133788065-P1P2",4582,114,0.00276909372312568,0.00336519848714971,0.00311909496186075,0.887787565619267
"CROPseq_dCas9_DS_PHF20L1_-_133787636-P1P2",38631,593,0.0233463246656631,0.0197444831591173,0.020137647687831,1.15933722883488
"CROPseq_dCas9_DS_RIPK2_+_90770127.23-P1P2",14385,240,0.00869345552316956,0.00878525268769171,0.00862196550590933,1.00829161485409
"CROPseq_dCas9_DS_RIPK2_+_90770318.23-P1P2",13293,254,0.00803351437396544,0.00827898388873999,0.00850873400722348,0.94414919624299
"CROPseq_dCas9_DS_RIPK2_-_90770297.23-P1P2",29358,378,0.0177422639728336,0.0189404091843116,0.0182805374302915,0.970554834095524
"CROPseq_dCas9_DS_RIPK2_-_90770465.23-P1P2",21107,287,0.0127558405093875,0.0120611096220852,0.0123913813149928,1.02941231369854
"CROPseq_dCas9_DS_STK3_+_99837558.23-P1P2",10247,141,0.00619268952004994,0.0067899580094702,0.00628033398299343,0.986044617502697
"CROPseq_dCas9_DS_STK3_+_99837574.23-P1P2",22955,361,0.013872663992656,0.0139075017123798,0.0136527675765567,1.0161063619421
"CROPseq_dCas9_DS_STK3_+_99837894.23-P1P2",13013,227,0.00786429869468234,0.00842788647666697,0.00795981620360265,0.988000035870542
"CROPseq_dCas9_DS_STK3_-_99837866.23-P1P2",1095,16,0.000661754174339288,0.00157836743202597,0.00141585457267572,0.467388520763604
"CROPseq_dCas9_DS_UBR5_+_103424908.23-P1P2",20922,302,0.0126440372927183,0.0136692575716966,0.0135086797086976,0.935993566016484
"CROPseq_dCas9_DS_UBR5_+_103424940.23-P1P2",12933,231,0.00781595135774431,0.00911283838113106,0.00927613235473104,0.842587304584759
"CROPseq_dCas9_DS_UBR5_-_103424644.23-P1P2",11868,168,0.00717232743475678,0.00693886059739718,0.0071679335485344,1.00061299204194
"CROPseq_dCas9_DS_UBR5_-_103424857.23-P1P2",4743,110,0.00286639273871347,0.00393102832127222,0.00362251756937187,0.791270900367361
"CROPseq_dCas9_DS_ZFPM2-A",10159,161,0.00613950744941811,0.00589654248190834,0.00586733948891449,1.04638694607971
"CROPseq_dCas9_DS_ZFPM2-B",3204,74,0.00193631084436811,0.00235266088924626,0.00225319642161976,0.85936176082516
"CROPseq_dCas9_DS_ZFPM2-C",4937,92,0.00298363503078819,0.00285892968819798,0.00267608976102041,1.11492337598217
"CROPseq_dCas9_DS_ZFPM2-D",3601,69,0.00217623450392308,0.00208463623097769,0.0018371185860572,1.18459119647452
"CROPseq_dCas9_DS_non-targeting_00000",23832,302,0.0144026716738392,0.0125971589386224,0.0122174801507514,1.17885779196076
"CROPseq_dCas9_DS_non-targeting_00001",18059,310,0.0109138069720486,0.0114059382352065,0.0117657772861971,0.927589117707679
"CROPseq_dCas9_DS_non-targeting_00002",28516,374,0.0172334082515609,0.0145626730992585,0.0142899875945824,1.20597783150591
"CROPseq_dCas9_DS_non-targeting_00003",26000,356,0.0157128845048598,0.0150987224157956,0.0152295571008891,1.03173614313069
"CROPseq_dCas9_DS_non-targeting_00004",24315,326,0.0146945687206026,0.0159921379433575,0.0166110138572182,0.884628045398755
"CROPseq_dCas9_DS_non-targeting_00005",16855,224,0.0101861795511312,0.0109294499538402,0.0108478627764565,0.939003355871966
"CROPseq_dCas9_DS_non-targeting_00006",17612,278,0.0106436662269073,0.00911283838113106,0.0089844678221595,1.18467408839237
"CROPseq_dCas9_DS_non-targeting_00007",24488,315,0.014799119836731,0.0128354030793055,0.0127059935466406,1.16473534969203
"CROPseq_dCas9_DS_non-targeting_00008",16288,250,0.00984351780058295,0.0115846213407189,0.0112662480047959,0.873717478648853
"CROPseq_dCas9_DS_non-targeting_00009",21705,248,0.0131172368529993,0.0159325769081867,0.0160962890795538,0.814923041464345
"CROPseq_dCas9_DS_non-targeting_00010",15567,235,0.00940778742642895,0.00833854492391078,0.0082155278388632,1.14512270068952
"CROPseq_dCas9_DS_non-targeting_00011",20239,332,0.0122312719036099,0.0129545251496471,0.0129978393417266,0.941023471827676
"CROPseq_dCas9_DS_non-targeting_00012",26014,408,0.015721345288824,0.0156943327675035,0.0160443681548608,0.979866900153435
"CROPseq_dCas9_DS_non-targeting_00013",14804,243,0.00894667470038249,0.00926174096905804,0.00939738504438878,0.952038748877762
"CROPseq_dCas9_DS_non-targeting_00014",16247,246,0.00981873979040221,0.00932130200422883,0.00909576220839403,1.07948510146197
"CROPseq_dCas9_DS_non-targeting_00015",19240,275,0.0116275345335963,0.0113463772000357,0.0113031067398035,1.02870253296382
"CROPseq_dCas9_DS_non-targeting_00016",23036,294,0.0139216156713058,0.0142648679234045,0.0141961673728084,0.980660153244705
"CROPseq_dCas9_DS_non-targeting_00017",17925,253,0.0108328251826774,0.0112570356472795,0.0112112055463298,0.966249805867103
"CROPseq_dCas9_DS_non-targeting_00018",33911,534,0.0204938317863193,0.0206378986866792,0.0215024043659695,0.953094892902003
"CROPseq_dCas9_DS_non-targeting_00019",14812,214,0.00895150943407629,0.00845766699425236,0.00793054939828582,1.1287376175995
"CROPseq_dCas9_DS_non-targeting_00020",17563,272,0.0106140534830328,0.0107507668483278,0.0107320927377447,0.98900128263924
"CROPseq_dCas9_DS_non-targeting_00021",41389,559,0.0250130991066016,0.0211143869680455,0.0217263228336244,1.1512808356088
"CROPseq_dCas9_DS_non-targeting_00022",23788,373,0.0143760806385233,0.0153369665564788,0.0159006665864508,0.904118111046575
"CROPseq_dCas9_DS_non-targeting_00023",20233,259,0.0122276458533396,0.0112570356472795,0.0118426289135678,1.03251110396026
"CROPseq_dCas9_DS_non-targeting_00024",11899,164,0.00719106202782027,0.00729622680842193,0.00701708958404549,1.02479267817392
"CROPseq_dCas9_DS_non-targeting_00025",50787,624,0.0306927025133967,0.02897644361059,0.029971104354445,1.02407646212892
"CROPseq_dCas9_DS_non-targeting_00026",14672,239,0.00886690159443474,0.00878525268769171,0.00872365559908172,1.01642040927981
"CROPseq_dCas9_DS_non-targeting_00027",23600,326,0.0142624643967189,0.0150093808630394,0.0148851799636152,0.958165398845132
"CROPseq_dCas9_DS_non-targeting_00028",39048,584,0.0235983351594525,0.0216206557669972,0.0226327978777969,1.04266097752778
"CROPseq_dCas9_DS_non-targeting_00029",31248,410,0.0188844698079946,0.0177491884808958,0.0188464917272519,1.00201512734
